date,time,commit,buildtime
2025-03-04,19:00:35,b19ed3a4,48
2025-03-04,19:10:20,5d6ed773,49
2025-03-06,11:38:18,5dc23428,47
2025-03-06,13:53:20,939bcd5a,48
2025-03-06,16:30:40,30080f65,42
2025-03-06,16:55:03,0154e98b,44
2025-03-07,10:56:31,00bc5a9f,43
2025-03-07,11:03:23,9d1f970b,40
2025-03-07,14:37:44,97fcdb60,43
2025-03-07,21:33:35,a4bd76de,44
2025-03-08,20:26:58,81e9b91d,43
2025-03-08,20:31:05,32be34b2,43
2025-03-08,23:32:52,abd21a4d,44
2025-03-08,23:42:54,6851033a,43
2025-03-14,16:54:56,2b84cdc1,42
2025-03-14,17:21:02,8e48ffe3,44
2025-03-15,00:40:26,4e864381,42
2025-03-15,00:57:12,b40f0a29,42
2025-03-15,01:14:12,4e89ba02,42
2025-03-17,13:41:18,c95c50e5,44
2025-03-17,14:00:54,7d9fb152,46
2025-03-17,19:16:20,83207b1a,44
2025-03-17,21:11:31,1a1bd3b1,44
2025-03-17,21:27:53,18e21245,44
2025-03-17,21:32:22,13af20ca,45
2025-03-17,22:45:35,c946d629,45
2025-03-18,19:33:57,b4051029,45
2025-03-22,12:49:45,fc03bf27,44
2025-03-22,13:19:07,ff18af14,45
2025-03-22,13:24:56,5c18069c,43
2025-03-22,13:26:25,ce692395,43
2025-03-25,15:44:59,e1e8e5d1,43
2025-03-25,16:14:09,fa335672,45
2025-03-25,16:18:05,d347acf5,45
2025-03-25,16:22:16,ffd61fb9,45
2025-03-25,17:28:03,22b40685,43
2025-03-31,11:09:56,adb28719,44
2025-04-02,11:00:31,30eefae8,45
2025-04-02,11:07:51,48e16788,43
2025-04-03,21:32:23,45276d03,45
2025-04-03,22:17:13,111c5d10,44
2025-04-04,13:19:21,3ad0eb1c,46
2025-04-04,13:35:06,e55c8907,43
2025-04-06,21:34:51,caaf8db8,43
2025-04-06,21:41:05,200796d3,43
2025-04-07,10:20:43,1da924c1,41
2025-04-07,10:24:50,d7e09fb6,43
2025-04-07,10:28:51,4f6ab11e,43
2025-04-07,10:31:38,792a79c9,43
2025-04-07,10:52:53,f55ec8bb,43
2025-04-07,10:58:06,1cbec1e6,44
2025-04-07,22:15:43,57f50ae6,45
2025-04-08,20:29:39,cda4eead,44
2025-04-08,20:37:44,3065fdfe,43
2025-04-13,18:45:22,299a9bb7,44
2025-04-14,17:24:27,a6275ffc,41
2025-04-15,22:41:33,844e6da2,44
2025-04-16,14:09:36,b5eceeba,44
2025-04-17,13:17:14,be5bde37,44
2025-04-17,13:52:36,5b18b4ea,45
2025-04-17,14:00:01,342dd8d6,44
2025-04-17,14:48:01,129c2563,44
2025-04-17,15:14:22,0a8d4523,47
2025-04-17,15:20:41,f1152a60,44
2025-04-17,15:49:07,0b2ed68f,44
2025-04-17,16:11:56,94b29ff7,44
2025-04-17,16:25:00,3ab83a52,44
2025-04-17,16:29:47,e005f755,43
2025-04-17,16:37:28,0424b7f7,47
2025-04-17,16:50:51,26804f47,45
2025-04-17,16:55:59,19b2e45d,45
2025-04-22,16:50:41,e5210c21,49
2025-04-22,17:07:05,b00e89a0,45
2025-05-26,16:47:45,8282cbd7,57
2025-05-26,17:03:55,a10982c3,42
2025-05-26,17:34:11,fb876be,44
2025-05-26,19:30:24,c458554,45
2025-05-26,23:23:52,c41f756,45
2025-05-27,00:12:01,2b22516,46
2025-05-27,00:15:55,bb574a5,44
2025-05-27,00:41:07,1c58234,43
2025-05-27,00:50:35,1025333,44
2025-05-27,01:03:04,176d740,44
2025-05-27,01:05:41,d444040,43
2025-06-07,22:10:53,5acc288,42
