date,time,commit,violations
2025-03-17,21:27:53,18e21245,0
2025-03-17,21:32:22,13af20ca,0
2025-03-17,22:45:35,c946d629,0
2025-03-18,19:33:57,b4051029,0
2025-03-22,12:49:45,fc03bf27,0
2025-03-22,13:19:07,ff18af14,0
2025-03-22,13:24:56,5c18069c,0
2025-03-22,13:26:25,ce692395,0
2025-03-25,15:44:59,e1e8e5d1,0
2025-03-25,16:14:09,fa335672,0
2025-03-25,16:18:05,d347acf5,0
2025-03-25,16:22:16,ffd61fb9,0
2025-03-25,17:28:03,22b40685,0
2025-03-31,11:09:56,adb28719,0
2025-04-02,11:00:31,30eefae8,0
2025-04-02,11:07:51,48e16788,0
2025-04-03,21:32:23,45276d03,0
2025-04-03,22:17:13,111c5d10,0
2025-04-04,13:19:21,3ad0eb1c,0
2025-04-04,13:35:06,e55c8907,0
2025-04-06,21:34:51,caaf8db8,0
2025-04-06,21:41:05,200796d3,0
2025-04-07,10:20:43,1da924c1,0
2025-04-07,10:24:50,d7e09fb6,0
2025-04-07,10:28:51,4f6ab11e,0
2025-04-07,10:31:38,792a79c9,0
2025-04-07,10:52:53,f55ec8bb,0
2025-04-07,10:58:06,1cbec1e6,0
2025-04-07,22:15:43,57f50ae6,0
2025-04-08,20:29:39,cda4eead,0
2025-04-08,20:37:44,3065fdfe,0
2025-04-13,18:45:22,299a9bb7,0
2025-04-14,17:24:27,a6275ffc,0
2025-04-15,22:41:33,844e6da2,0
2025-04-16,14:09:36,b5eceeba,0
2025-04-17,13:17:14,be5bde37,0
2025-04-17,13:52:36,5b18b4ea,0
2025-04-17,14:00:01,342dd8d6,0
2025-04-17,14:48:01,129c2563,0
2025-04-17,15:14:22,0a8d4523,0
2025-04-17,15:20:41,f1152a60,0
2025-04-17,15:49:07,0b2ed68f,0
2025-04-17,16:11:56,94b29ff7,0
2025-04-17,16:25:00,3ab83a52,0
2025-04-17,16:29:47,e005f755,0
2025-04-17,16:37:28,0424b7f7,0
2025-04-17,16:50:51,26804f47,0
2025-04-17,16:55:59,19b2e45d,0
2025-04-22,16:50:41,e5210c21,0
2025-04-22,17:07:05,b00e89a0,0
2025-05-26,16:47:45,8282cbd7,0
2025-05-26,17:03:55,a10982c3,0
2025-05-26,17:34:11,fb876be,0
2025-05-26,19:30:24,c458554,0
2025-05-26,23:23:52,c41f756,0
2025-05-27,00:12:01,2b22516,0
2025-05-27,00:15:55,bb574a5,0
2025-05-27,00:41:07,1c58234,0
2025-05-27,00:50:35,1025333,0
2025-05-27,01:03:04,176d740,0
2025-05-27,01:05:41,d444040,0
2025-06-07,22:10:53,5acc288,0
2025-06-07,22:14:23,f66d794,0
2025-06-07,23:14:14,e8fea4e,0
2025-06-07,23:41:30,0b111e5,0
2025-06-08,01:21:15,9f1643b,0
2025-06-09,16:33:04,b46823f,0
2025-06-09,16:52:13,a8c799f,0
2025-06-12,14:22:18,83c5b33,0
2025-06-12,14:25:10,4c13384,0
2025-06-12,15:04:08,652cdb4,0
2025-06-12,15:18:30,25f7825,0
2025-06-12,15:21:05,3d750cc,0
2025-06-12,19:08:01,53ba4e4,0
2025-06-12,19:09:02,8ee4663,0
2025-06-12,19:14:31,b880540,0
2025-06-12,20:03:41,50c3c0a,0
2025-06-12,20:41:49,cf2a13d,0
2025-06-12,20:58:53,d3a0ba2,0
